[
    {
        "ApplicationId": "1",
        "Application": "JUS083",
        "ACTIVE_ITEM": "N",
        "PART_NUMBER": "ROTSPOA10N8T0",
        "SUP_PART_NUMBER": "SPOA10N8T0-BL BLUE",
        "Title": "Rotary 10,000 lb. with Trio Arms",
        "IMAGE": "https://media-cdn.toolweb.com/ROTSPOA10N8T0_1200Wx1200H.jpg",
        "Manufacturer": "Rotary",
        "short_description": "Rotary 10,000 lb. with Trio Arms",
        "long_description": "Rotary 10,000 lb. with Trio Arms",
        "COST": "7478.7600",
        "LIST": "11435.0000",
        "ISN_RETAIL": "9568.4900",
        "MAPP": "7692.0000",
        "CATEGORY": "Vehicle Lifting and Alignment",
        "SUBCATEGORY": "Automotive Lifts",
        "SHIPWEIGHT": "500.00",
        "LENGTH": "60.00",
        "WIDTH": "60.00",
        "HEIGHT": "60.00",
        "STOCKING": "N",
        "Reorder": "N",
        "UOM": "EA",
        "FREIGHT_ITEM": "Y",
        "Hazmat": "N",
        "CARB": "N",
        "ORMD": "N",
        "SELF_CONTAINED": "N",
        "WARRANTY": "1 yr warranty on material and workmanship",
        "DATE_ADDED": "10/14/2022 9:56:00 AM",
        "MODIFIY_DATE": "9/12/2023 4:15:54 AM",
        "QTY_ON_HAND": "0",
        "ImageFileName": "ROTSPOA10N8T0_1200Wx1200H.jpg",
        "Dropship": "N",
        "avail_qty": "0",
        "ATH": "0",
        "DAL": "0",
        "DEM": "0",
        "FRH": "0",
        "LAK": "0",
        "NJE": "0",
        "PHX": "0",
        "SEA": "0",
        "DET": "0",
        "IND": "0"
    }
   
]